"danceability","energy","key","loudness","mode","speechiness","acousticness","instrumentalness","liveness","valence","tempo","type","id","uri","track_href","analysis_url","duration_ms","time_signature"
"0.717","0.653","1","-5.634","1","0.0658","0.229","0","0.101","0.412","106.966","audio_features","3e9HZxeyfWwjeyPAMmWSSQ","spotify:track:3e9HZxeyfWwjeyPAMmWSSQ","https://api.spotify.com/v1/tracks/3e9HZxeyfWwjeyPAMmWSSQ","https://api.spotify.com/v1/audio-analysis/3e9HZxeyfWwjeyPAMmWSSQ","207320","4"
"0.752","0.488","6","-7.05","1","0.0705","0.297","0.00000911","0.0936","0.533","136.041","audio_features","5p7ujcrUXASCNwRaWNHR1C","spotify:track:5p7ujcrUXASCNwRaWNHR1C","https://api.spotify.com/v1/tracks/5p7ujcrUXASCNwRaWNHR1C","https://api.spotify.com/v1/audio-analysis/5p7ujcrUXASCNwRaWNHR1C","201661","4"
"0.834","0.73","8","-3.714","1","0.222","0.00513","0","0.124","0.446","155.008","audio_features","2xLMifQCjDGFmkHkpNLD9h","spotify:track:2xLMifQCjDGFmkHkpNLD9h","https://api.spotify.com/v1/tracks/2xLMifQCjDGFmkHkpNLD9h","https://api.spotify.com/v1/audio-analysis/2xLMifQCjDGFmkHkpNLD9h","312820","4"
"0.76","0.479","2","-5.574","1","0.0466","0.556","0","0.0703","0.913","89.911","audio_features","3KkXRkHbMCARz0aVfEt68P","spotify:track:3KkXRkHbMCARz0aVfEt68P","https://api.spotify.com/v1/tracks/3KkXRkHbMCARz0aVfEt68P","https://api.spotify.com/v1/audio-analysis/3KkXRkHbMCARz0aVfEt68P","158040","4"
"0.579","0.904","5","-2.729","1","0.0618","0.193","0","0.064","0.681","82.014","audio_features","1rqqCSm0Qe4I9rUvWncaom","spotify:track:1rqqCSm0Qe4I9rUvWncaom","https://api.spotify.com/v1/tracks/1rqqCSm0Qe4I9rUvWncaom","https://api.spotify.com/v1/audio-analysis/1rqqCSm0Qe4I9rUvWncaom","190947","4"
"0.687","0.792","5","-2.749","1","0.0452","0.191","0","0.167","0.671","100.015","audio_features","2dpaYNEQHiRxtZbfNsse99","spotify:track:2dpaYNEQHiRxtZbfNsse99","https://api.spotify.com/v1/tracks/2dpaYNEQHiRxtZbfNsse99","https://api.spotify.com/v1/audio-analysis/2dpaYNEQHiRxtZbfNsse99","214290","4"
"0.896","0.671","1","-6.977","0","0.289","0.103","0","0.552","0.358","112.502","audio_features","78QR3Wp35dqAhFEc2qAGjE","spotify:track:78QR3Wp35dqAhFEc2qAGjE","https://api.spotify.com/v1/tracks/78QR3Wp35dqAhFEc2qAGjE","https://api.spotify.com/v1/audio-analysis/78QR3Wp35dqAhFEc2qAGjE","145543","4"
"0.611","0.462","0","-7.054","1","0.0646","0.558","0.00000101","0.131","0.377","59.635","audio_features","6OEHjJJvdkk1Ln0p0AZdyz","spotify:track:6OEHjJJvdkk1Ln0p0AZdyz","https://api.spotify.com/v1/tracks/6OEHjJJvdkk1Ln0p0AZdyz","https://api.spotify.com/v1/audio-analysis/6OEHjJJvdkk1Ln0p0AZdyz","215230","4"
"0.861","0.603","8","-5.788","0","0.176","0.0521","0","0.0924","0.504","98.043","audio_features","0FZ4Dmg8jJJAPJnvBIzD9z","spotify:track:0FZ4Dmg8jJJAPJnvBIzD9z","https://api.spotify.com/v1/tracks/0FZ4Dmg8jJJAPJnvBIzD9z","https://api.spotify.com/v1/audio-analysis/0FZ4Dmg8jJJAPJnvBIzD9z","228760","4"
"0.729","0.625","4","-5.266","1","0.0315","0.194","0.00986","0.248","0.261","146.034","audio_features","1xzBco0xcoJEDXktl7Jxrr","spotify:track:1xzBco0xcoJEDXktl7Jxrr","https://api.spotify.com/v1/tracks/1xzBco0xcoJEDXktl7Jxrr","https://api.spotify.com/v1/audio-analysis/1xzBco0xcoJEDXktl7Jxrr","183907","4"
"0.8","0.578","4","-5.144","0","0.0485","0.00381","0","0.359","0.367","143.01","audio_features","0QIjsbm2fh1cJ45XO9eGqq","spotify:track:0QIjsbm2fh1cJ45XO9eGqq","https://api.spotify.com/v1/tracks/0QIjsbm2fh1cJ45XO9eGqq","https://api.spotify.com/v1/audio-analysis/0QIjsbm2fh1cJ45XO9eGqq","204665","4"
"0.95","0.59","8","-6.508","0","0.29","0.00534","0","0.11","0.219","130.003","audio_features","2GGMabyHXnJmjY6CXhhB2e","spotify:track:2GGMabyHXnJmjY6CXhhB2e","https://api.spotify.com/v1/tracks/2GGMabyHXnJmjY6CXhhB2e","https://api.spotify.com/v1/audio-analysis/2GGMabyHXnJmjY6CXhhB2e","183527","4"
"0.56","0.68","6","-7.648","0","0.321","0.555","0","0.116","0.319","89.391","audio_features","0d2iYfpKoM0QCKvcLCkBao","spotify:track:0d2iYfpKoM0QCKvcLCkBao","https://api.spotify.com/v1/tracks/0d2iYfpKoM0QCKvcLCkBao","https://api.spotify.com/v1/audio-analysis/0d2iYfpKoM0QCKvcLCkBao","173800","4"
"0.568","0.656","8","-5.413","1","0.0433","0.0211","0.0000137","0.213","0.364","100.049","audio_features","4OafepJy2teCjYJbvFE60J","spotify:track:4OafepJy2teCjYJbvFE60J","https://api.spotify.com/v1/tracks/4OafepJy2teCjYJbvFE60J","https://api.spotify.com/v1/audio-analysis/4OafepJy2teCjYJbvFE60J","198160","4"
"0.68","0.563","10","-5.843","1","0.0454","0.354","0","0.136","0.374","145.028","audio_features","7dt6x5M1jzdTEt8oCbisTK","spotify:track:7dt6x5M1jzdTEt8oCbisTK","https://api.spotify.com/v1/tracks/7dt6x5M1jzdTEt8oCbisTK","https://api.spotify.com/v1/audio-analysis/7dt6x5M1jzdTEt8oCbisTK","231267","4"
"0.596","0.854","7","-5.114","0","0.463","0.0169","0","0.124","0.152","120.274","audio_features","2iUXsYOEPhVqEBwsqP70rE","spotify:track:2iUXsYOEPhVqEBwsqP70rE","https://api.spotify.com/v1/tracks/2iUXsYOEPhVqEBwsqP70rE","https://api.spotify.com/v1/audio-analysis/2iUXsYOEPhVqEBwsqP70rE","203418","4"
"0.511","0.566","6","-7.23","0","0.2","0.349","0","0.34","0.218","83.903","audio_features","285pBltuF7vW8TeWk8hdRR","spotify:track:285pBltuF7vW8TeWk8hdRR","https://api.spotify.com/v1/tracks/285pBltuF7vW8TeWk8hdRR","https://api.spotify.com/v1/audio-analysis/285pBltuF7vW8TeWk8hdRR","239836","4"
"0.841","0.798","1","-4.206","0","0.229","0.153","0.00000333","0.0618","0.591","95.948","audio_features","4w8niZpiMy6qz1mntFA5uM","spotify:track:4w8niZpiMy6qz1mntFA5uM","https://api.spotify.com/v1/tracks/4w8niZpiMy6qz1mntFA5uM","https://api.spotify.com/v1/audio-analysis/4w8niZpiMy6qz1mntFA5uM","212500","4"
"0.817","0.539","6","-6.349","0","0.0621","0.0141","0.000496","0.099","0.158","97.062","audio_features","116H0KvKr2Zl4RPuVBruDO","spotify:track:116H0KvKr2Zl4RPuVBruDO","https://api.spotify.com/v1/tracks/116H0KvKr2Zl4RPuVBruDO","https://api.spotify.com/v1/audio-analysis/116H0KvKr2Zl4RPuVBruDO","210368","4"
"0.792","0.743","7","-2.806","1","0.0851","0.107","0","0.183","0.742","150.024","audio_features","14mHfNsSHN0FbLftyjrV9g","spotify:track:14mHfNsSHN0FbLftyjrV9g","https://api.spotify.com/v1/tracks/14mHfNsSHN0FbLftyjrV9g","https://api.spotify.com/v1/audio-analysis/14mHfNsSHN0FbLftyjrV9g","195637","4"
"0.889","0.496","4","-6.365","0","0.0905","0.259","0","0.252","0.544","86.003","audio_features","2IRZnDFmlqMuOrYOLnZZyc","spotify:track:2IRZnDFmlqMuOrYOLnZZyc","https://api.spotify.com/v1/tracks/2IRZnDFmlqMuOrYOLnZZyc","https://api.spotify.com/v1/audio-analysis/2IRZnDFmlqMuOrYOLnZZyc","180522","4"
"0.837","0.636","1","-7.643","1","0.086","0.0395","0.00125","0.342","0.274","145.972","audio_features","2t8yVaLvJ0RenpXUIAC52d","spotify:track:2t8yVaLvJ0RenpXUIAC52d","https://api.spotify.com/v1/tracks/2t8yVaLvJ0RenpXUIAC52d","https://api.spotify.com/v1/audio-analysis/2t8yVaLvJ0RenpXUIAC52d","288624","4"
"0.477","0.61","11","-5.628","0","0.144","0.225","0","0.107","0.358","79.882","audio_features","6CTWathupIiDs7U4InHnDA","spotify:track:6CTWathupIiDs7U4InHnDA","https://api.spotify.com/v1/tracks/6CTWathupIiDs7U4InHnDA","https://api.spotify.com/v1/audio-analysis/6CTWathupIiDs7U4InHnDA","213993","4"
"0.631","0.44","1","-5.948","1","0.028","0.328","0","0.239","0.418","136.033","audio_features","7q7jyVU0f0hnod8tsaUmxg","spotify:track:7q7jyVU0f0hnod8tsaUmxg","https://api.spotify.com/v1/tracks/7q7jyVU0f0hnod8tsaUmxg","https://api.spotify.com/v1/audio-analysis/7q7jyVU0f0hnod8tsaUmxg","212745","4"
"0.704","0.611","2","-6.112","1","0.0409","0.217","0","0.0812","0.22","100","audio_features","2FY7b99s15jUprqC0M5NCT","spotify:track:2FY7b99s15jUprqC0M5NCT","https://api.spotify.com/v1/tracks/2FY7b99s15jUprqC0M5NCT","https://api.spotify.com/v1/audio-analysis/2FY7b99s15jUprqC0M5NCT","189467","4"
"0.833","0.539","11","-7.399","0","0.178","0.163","0.0000021","0.101","0.385","99.947","audio_features","6MWtB6iiXyIwun0YzU6DFP","spotify:track:6MWtB6iiXyIwun0YzU6DFP","https://api.spotify.com/v1/tracks/6MWtB6iiXyIwun0YzU6DFP","https://api.spotify.com/v1/audio-analysis/6MWtB6iiXyIwun0YzU6DFP","149520","4"
"0.708","0.648","6","-5.626","1","0.0449","0.0956","0","0.134","0.338","143.955","audio_features","45Egmo7icyopuzJN0oMEdk","spotify:track:45Egmo7icyopuzJN0oMEdk","https://api.spotify.com/v1/tracks/45Egmo7icyopuzJN0oMEdk","https://api.spotify.com/v1/audio-analysis/45Egmo7icyopuzJN0oMEdk","201707","4"
"0.638","0.717","2","-4.722","1","0.0337","0.346","0","0.105","0.249","100.027","audio_features","4VUwkH455At9kENOfzTqmF","spotify:track:4VUwkH455At9kENOfzTqmF","https://api.spotify.com/v1/tracks/4VUwkH455At9kENOfzTqmF","https://api.spotify.com/v1/audio-analysis/4VUwkH455At9kENOfzTqmF","180000","4"
"0.596","0.552","0","-10.278","0","0.097","0.0765","0.334","0.104","0.112","97.949","audio_features","6zeeWid2sgw4lap2jV61PZ","spotify:track:6zeeWid2sgw4lap2jV61PZ","https://api.spotify.com/v1/tracks/6zeeWid2sgw4lap2jV61PZ","https://api.spotify.com/v1/audio-analysis/6zeeWid2sgw4lap2jV61PZ","229320","4"
"0.572","0.385","7","-6.362","1","0.0308","0.371","0","0.231","0.323","95.799","audio_features","2VxeLyX666F8uXCJ0dZF8B","spotify:track:2VxeLyX666F8uXCJ0dZF8B","https://api.spotify.com/v1/tracks/2VxeLyX666F8uXCJ0dZF8B","https://api.spotify.com/v1/audio-analysis/2VxeLyX666F8uXCJ0dZF8B","215733","4"
"0.533","0.907","11","-3.793","1","0.0406","0.0292","0","0.386","0.7","150.99","audio_features","698eQRku24PIYPQPHItKlA","spotify:track:698eQRku24PIYPQPHItKlA","https://api.spotify.com/v1/tracks/698eQRku24PIYPQPHItKlA","https://api.spotify.com/v1/audio-analysis/698eQRku24PIYPQPHItKlA","183160","4"
"0.743","0.87","1","-2.188","1","0.212","0.0595","0","0.299","0.884","99.075","audio_features","3wScL5W8H40zzCKN0atfBk","spotify:track:3wScL5W8H40zzCKN0atfBk","https://api.spotify.com/v1/tracks/3wScL5W8H40zzCKN0atfBk","https://api.spotify.com/v1/audio-analysis/3wScL5W8H40zzCKN0atfBk","194184","4"
"0.581","0.662","9","-5.239","1","0.303","0.0153","0","0.111","0.434","93.023","audio_features","1wJRveJZLSb1rjhnUHQiv6","spotify:track:1wJRveJZLSb1rjhnUHQiv6","https://api.spotify.com/v1/tracks/1wJRveJZLSb1rjhnUHQiv6","https://api.spotify.com/v1/audio-analysis/1wJRveJZLSb1rjhnUHQiv6","189487","4"
"0.872","0.591","6","-6.952","0","0.359","0.111","0","0.144","0.696","131.982","audio_features","1nbYiPgDJ4T3t46Is5Zc26","spotify:track:1nbYiPgDJ4T3t46Is5Zc26","https://api.spotify.com/v1/tracks/1nbYiPgDJ4T3t46Is5Zc26","https://api.spotify.com/v1/audio-analysis/1nbYiPgDJ4T3t46Is5Zc26","205352","4"
"0.486","0.632","5","-6.89","1","0.0344","0.682","0","0.0869","0.0791","147.892","audio_features","6Up545NUflOiXo8cEraH49","spotify:track:6Up545NUflOiXo8cEraH49","https://api.spotify.com/v1/tracks/6Up545NUflOiXo8cEraH49","https://api.spotify.com/v1/audio-analysis/6Up545NUflOiXo8cEraH49","274693","4"
"0.574","0.758","1","-5.029","0","0.0621","0.0969","0","0.395","0.492","144.111","audio_features","5JEx7HbmvHQQswJCsoo9rA","spotify:track:5JEx7HbmvHQQswJCsoo9rA","https://api.spotify.com/v1/tracks/5JEx7HbmvHQQswJCsoo9rA","https://api.spotify.com/v1/audio-analysis/5JEx7HbmvHQQswJCsoo9rA","182623","4"
"0.629","0.464","4","-8.72","1","0.0334","0.75","0","0.0853","0.523","156.051","audio_features","3VamXAvVMczcS2PTYtPfBQ","spotify:track:3VamXAvVMczcS2PTYtPfBQ","https://api.spotify.com/v1/tracks/3VamXAvVMczcS2PTYtPfBQ","https://api.spotify.com/v1/audio-analysis/3VamXAvVMczcS2PTYtPfBQ","195053","4"
"0.763","0.441","0","-8.211","1","0.256","0.0581","0","0.0458","0.538","86.093","audio_features","1lL7Sj9AitQT7YWXs6obEq","spotify:track:1lL7Sj9AitQT7YWXs6obEq","https://api.spotify.com/v1/tracks/1lL7Sj9AitQT7YWXs6obEq","https://api.spotify.com/v1/audio-analysis/1lL7Sj9AitQT7YWXs6obEq","234589","4"
"0.553","0.586","11","-6.319","1","0.0362","0.697","0","0.0813","0.443","126.684","audio_features","3EPXxR3ImUwfayaurPi3cm","spotify:track:3EPXxR3ImUwfayaurPi3cm","https://api.spotify.com/v1/tracks/3EPXxR3ImUwfayaurPi3cm","https://api.spotify.com/v1/audio-analysis/3EPXxR3ImUwfayaurPi3cm","196373","4"
"0.499","0.797","2","-3.77","1","0.0554","0.199","0","0.0933","0.408","176.024","audio_features","1G4cdOtF36ZCs6i2dZoC87","spotify:track:1G4cdOtF36ZCs6i2dZoC87","https://api.spotify.com/v1/tracks/1G4cdOtF36ZCs6i2dZoC87","https://api.spotify.com/v1/audio-analysis/1G4cdOtF36ZCs6i2dZoC87","211768","4"
"0.736","0.622","6","-4.653","0","0.133","0.0235","0","0.151","0.506","191.971","audio_features","6uSSupG4TMu3vW8QgynAB6","spotify:track:6uSSupG4TMu3vW8QgynAB6","https://api.spotify.com/v1/tracks/6uSSupG4TMu3vW8QgynAB6","https://api.spotify.com/v1/audio-analysis/6uSSupG4TMu3vW8QgynAB6","192779","4"
"0.791","0.587","3","-5.075","0","0.0413","0.407","0","0.148","0.536","96.057","audio_features","3Ol2xnObFdKV9pmRD2t9x8","spotify:track:3Ol2xnObFdKV9pmRD2t9x8","https://api.spotify.com/v1/tracks/3Ol2xnObFdKV9pmRD2t9x8","https://api.spotify.com/v1/audio-analysis/3Ol2xnObFdKV9pmRD2t9x8","179449","4"
"0.689","0.521","0","-5.845","1","0.132","0.119","0.0000841","0.108","0.178","95.055","audio_features","6TaqooOXAEcijL6G1AWS2K","spotify:track:6TaqooOXAEcijL6G1AWS2K","https://api.spotify.com/v1/tracks/6TaqooOXAEcijL6G1AWS2K","https://api.spotify.com/v1/audio-analysis/6TaqooOXAEcijL6G1AWS2K","229747","4"
"0.78","0.492","5","-3.4","0","0.0671","0.0643","0.0313","0.174","0.374","143.983","audio_features","4CH66Rxcjcj3VBHwmIBj4T","spotify:track:4CH66Rxcjcj3VBHwmIBj4T","https://api.spotify.com/v1/tracks/4CH66Rxcjcj3VBHwmIBj4T","https://api.spotify.com/v1/audio-analysis/4CH66Rxcjcj3VBHwmIBj4T","94246","4"
"0.796","0.68","10","-4.853","0","0.353","0.0886","0","0.268","0.565","164.932","audio_features","0PpfPNtQOOvbMNVJijTQj0","spotify:track:0PpfPNtQOOvbMNVJijTQj0","https://api.spotify.com/v1/tracks/0PpfPNtQOOvbMNVJijTQj0","https://api.spotify.com/v1/audio-analysis/0PpfPNtQOOvbMNVJijTQj0","190466","4"
"0.904","0.575","1","-7.823","1","0.346","0.0493","0","0.256","0.359","141.039","audio_features","5ZSIExfQuVv69tw5Qw3yDl","spotify:track:5ZSIExfQuVv69tw5Qw3yDl","https://api.spotify.com/v1/tracks/5ZSIExfQuVv69tw5Qw3yDl","https://api.spotify.com/v1/audio-analysis/5ZSIExfQuVv69tw5Qw3yDl","177748","4"
"0.729","0.475","8","-4.985","1","0.0364","0.378","0","0.12","0.371","62.52","audio_features","39LmTF9RgyakzSYX8txrow","spotify:track:39LmTF9RgyakzSYX8txrow","https://api.spotify.com/v1/tracks/39LmTF9RgyakzSYX8txrow","https://api.spotify.com/v1/audio-analysis/39LmTF9RgyakzSYX8txrow","212267","3"
"0.698","0.66","0","-7.883","1","0.052","0.0226","0","0.0622","0.451","159.949","audio_features","51w9Jbat1pLeWINGCpnQUR","spotify:track:51w9Jbat1pLeWINGCpnQUR","https://api.spotify.com/v1/tracks/51w9Jbat1pLeWINGCpnQUR","https://api.spotify.com/v1/audio-analysis/51w9Jbat1pLeWINGCpnQUR","248521","4"
"0.89","0.607","9","-6.916","0","0.124","0.158","0.000228","0.118","0.224","134.022","audio_features","2FUNBaa5DwItJtYEBgAblU","spotify:track:2FUNBaa5DwItJtYEBgAblU","https://api.spotify.com/v1/tracks/2FUNBaa5DwItJtYEBgAblU","https://api.spotify.com/v1/audio-analysis/2FUNBaa5DwItJtYEBgAblU","233040","4"
"0.91","0.366","1","-9.954","1","0.0941","0.0996","0","0.261","0.74","119.985","audio_features","2MShy1GSSgbmGUxADNIao5","spotify:track:2MShy1GSSgbmGUxADNIao5","https://api.spotify.com/v1/tracks/2MShy1GSSgbmGUxADNIao5","https://api.spotify.com/v1/audio-analysis/2MShy1GSSgbmGUxADNIao5","152000","4"
"0.455","0.292","0","-6.792","1","0.0563","0.889","0","0.106","0.43","84.339","audio_features","7sTtHHrD0zDpmzQzH3zegz","spotify:track:7sTtHHrD0zDpmzQzH3zegz","https://api.spotify.com/v1/tracks/7sTtHHrD0zDpmzQzH3zegz","https://api.spotify.com/v1/audio-analysis/7sTtHHrD0zDpmzQzH3zegz","178467","5"
"0.736","0.67","10","-6.702","1","0.311","0.186","0","0.114","0.845","130.032","audio_features","5wujBwqG7INdStqGd4tRMX","spotify:track:5wujBwqG7INdStqGd4tRMX","https://api.spotify.com/v1/tracks/5wujBwqG7INdStqGd4tRMX","https://api.spotify.com/v1/audio-analysis/5wujBwqG7INdStqGd4tRMX","169999","4"
"0.703","0.723","9","-5.45","0","0.0412","0.0302","0.00000206","0.126","0.288","104.969","audio_features","2LskIZrCeLxRvCiGP8gxlh","spotify:track:2LskIZrCeLxRvCiGP8gxlh","https://api.spotify.com/v1/tracks/2LskIZrCeLxRvCiGP8gxlh","https://api.spotify.com/v1/audio-analysis/2LskIZrCeLxRvCiGP8gxlh","198903","4"
"0.601","0.794","7","-5.844","0","0.0671","0.00987","0.00000136","0.388","0.244","114.066","audio_features","27rdGxbavYJeBphck5MZAF","spotify:track:27rdGxbavYJeBphck5MZAF","https://api.spotify.com/v1/tracks/27rdGxbavYJeBphck5MZAF","https://api.spotify.com/v1/audio-analysis/27rdGxbavYJeBphck5MZAF","217467","4"
"0.669","0.801","8","-5.445","1","0.136","0.268","0","0.0594","0.541","109.919","audio_features","4PkIDTPGedm0enzdvilLNd","spotify:track:4PkIDTPGedm0enzdvilLNd","https://api.spotify.com/v1/tracks/4PkIDTPGedm0enzdvilLNd","https://api.spotify.com/v1/audio-analysis/4PkIDTPGedm0enzdvilLNd","201072","4"
"0.609","0.807","5","-7.221","1","0.0972","0.00403","0.00000542","0.0926","0.492","119.073","audio_features","4a1oIihVt6xSnDRpgX387M","spotify:track:4a1oIihVt6xSnDRpgX387M","https://api.spotify.com/v1/tracks/4a1oIihVt6xSnDRpgX387M","https://api.spotify.com/v1/audio-analysis/4a1oIihVt6xSnDRpgX387M","238493","4"
"0.552","0.402","11","-7.431","1","0.0262","0.676","0","0.0928","0.382","103.313","audio_features","2rxQMGVafnNaRaXlRMWPde","spotify:track:2rxQMGVafnNaRaXlRMWPde","https://api.spotify.com/v1/tracks/2rxQMGVafnNaRaXlRMWPde","https://api.spotify.com/v1/audio-analysis/2rxQMGVafnNaRaXlRMWPde","193200","4"
"0.367","0.111","4","-14.084","1","0.0972","0.978","0.0000397","0.0897","0.198","82.642","audio_features","43zdsphuZLzwA9k4DJhU0I","spotify:track:43zdsphuZLzwA9k4DJhU0I","https://api.spotify.com/v1/tracks/43zdsphuZLzwA9k4DJhU0I","https://api.spotify.com/v1/audio-analysis/43zdsphuZLzwA9k4DJhU0I","196077","4"
"0.575","0.571","1","-7.906","1","0.0439","0.0558","0","0.0912","0.449","105.049","audio_features","4NBTZtAt1F13VvlSKe6KTl","spotify:track:4NBTZtAt1F13VvlSKe6KTl","https://api.spotify.com/v1/tracks/4NBTZtAt1F13VvlSKe6KTl","https://api.spotify.com/v1/audio-analysis/4NBTZtAt1F13VvlSKe6KTl","197947","4"
"0.735","0.453","8","-8.264","0","0.0602","0.413","0","0.104","0.335","115.002","audio_features","01jIO8SJFnpSiNLH1JaBZ5","spotify:track:01jIO8SJFnpSiNLH1JaBZ5","https://api.spotify.com/v1/tracks/01jIO8SJFnpSiNLH1JaBZ5","https://api.spotify.com/v1/audio-analysis/01jIO8SJFnpSiNLH1JaBZ5","217387","4"
"0.885","0.52","1","-8.353","1","0.359","0.000244","0.00000116","0.454","0.306","84.022","audio_features","2wOXxtHZgRkkrkEbKLzzqs","spotify:track:2wOXxtHZgRkkrkEbKLzzqs","https://api.spotify.com/v1/tracks/2wOXxtHZgRkkrkEbKLzzqs","https://api.spotify.com/v1/audio-analysis/2wOXxtHZgRkkrkEbKLzzqs","148656","4"
"0.593","0.632","6","-5.381","0","0.541","0.0133","0","0.64","0.0789","173.369","audio_features","4B8vU5oDXVxO5OkLAI4aLx","spotify:track:4B8vU5oDXVxO5OkLAI4aLx","https://api.spotify.com/v1/tracks/4B8vU5oDXVxO5OkLAI4aLx","https://api.spotify.com/v1/audio-analysis/4B8vU5oDXVxO5OkLAI4aLx","235232","4"
"0.711","0.696","7","-5.05","1","0.0871","0.16","0","0.17","0.694","80.512","audio_features","5HnXcJJbNXQQ7tRlQ9VN1v","spotify:track:5HnXcJJbNXQQ7tRlQ9VN1v","https://api.spotify.com/v1/tracks/5HnXcJJbNXQQ7tRlQ9VN1v","https://api.spotify.com/v1/audio-analysis/5HnXcJJbNXQQ7tRlQ9VN1v","189533","4"
"0.765","0.704","5","-4.589","0","0.127","0.0215","0","0.227","0.498","147.055","audio_features","04MLEeAMuV9IlHEsD8vF6A","spotify:track:04MLEeAMuV9IlHEsD8vF6A","https://api.spotify.com/v1/tracks/04MLEeAMuV9IlHEsD8vF6A","https://api.spotify.com/v1/audio-analysis/04MLEeAMuV9IlHEsD8vF6A","192172","4"
"0.351","0.296","4","-10.109","0","0.0333","0.934","0","0.095","0.12","115.284","audio_features","0u2P5u6lvoDfwTYjAADbn4","spotify:track:0u2P5u6lvoDfwTYjAADbn4","https://api.spotify.com/v1/tracks/0u2P5u6lvoDfwTYjAADbn4","https://api.spotify.com/v1/audio-analysis/0u2P5u6lvoDfwTYjAADbn4","200186","4"
"0.75","0.665","8","-3.083","1","0.124","0.265","0","0.0515","0.697","95.239","audio_features","3f5lA8nnc4YYF1qf78WpHw","spotify:track:3f5lA8nnc4YYF1qf78WpHw","https://api.spotify.com/v1/tracks/3f5lA8nnc4YYF1qf78WpHw","https://api.spotify.com/v1/audio-analysis/3f5lA8nnc4YYF1qf78WpHw","219357","4"
"0.81","0.55","2","-7.46","0","0.17","0.0114","0.00000569","0.107","0.183","76.503","audio_features","3L19besdNQzd342qL78xqm","spotify:track:3L19besdNQzd342qL78xqm","https://api.spotify.com/v1/tracks/3L19besdNQzd342qL78xqm","https://api.spotify.com/v1/audio-analysis/3L19besdNQzd342qL78xqm","214593","4"
"0.84","0.543","1","-7.738","1","0.476","0.0399","0","0.117","0.161","170.067","audio_features","2QgfDF0fQ4sskDthP8MG5w","spotify:track:2QgfDF0fQ4sskDthP8MG5w","https://api.spotify.com/v1/tracks/2QgfDF0fQ4sskDthP8MG5w","https://api.spotify.com/v1/audio-analysis/2QgfDF0fQ4sskDthP8MG5w","171714","4"
"0.487","0.859","4","-4.403","1","0.0488","0.00204","0","0.322","0.377","148.037","audio_features","6viHvc13l9A6Ua6xugpeX6","spotify:track:6viHvc13l9A6Ua6xugpeX6","https://api.spotify.com/v1/tracks/6viHvc13l9A6Ua6xugpeX6","https://api.spotify.com/v1/audio-analysis/6viHvc13l9A6Ua6xugpeX6","228480","4"
"0.656","0.542","7","-7.358","1","0.323","0.0484","0","0.126","0.551","166.111","audio_features","5274I4mUMnYczyeXkGDWZN","spotify:track:5274I4mUMnYczyeXkGDWZN","https://api.spotify.com/v1/tracks/5274I4mUMnYczyeXkGDWZN","https://api.spotify.com/v1/audio-analysis/5274I4mUMnYczyeXkGDWZN","141587","4"
"0.556","0.481","11","-7.663","1","0.313","0.282","0","0.216","0.581","149.025","audio_features","05t7JMip6JrLuSrMV5yYjX","spotify:track:05t7JMip6JrLuSrMV5yYjX","https://api.spotify.com/v1/tracks/05t7JMip6JrLuSrMV5yYjX","https://api.spotify.com/v1/audio-analysis/05t7JMip6JrLuSrMV5yYjX","120137","4"
"0.713","0.738","10","-6.784","1","0.374","0.255","0","0.106","0.425","105.027","audio_features","79esEXlqqmq0GPz0xQSZTV","spotify:track:79esEXlqqmq0GPz0xQSZTV","https://api.spotify.com/v1/tracks/79esEXlqqmq0GPz0xQSZTV","https://api.spotify.com/v1/audio-analysis/79esEXlqqmq0GPz0xQSZTV","201200","4"
"0.816","0.726","5","-3.998","0","0.129","0.099","0","0.372","0.65","136.048","audio_features","58q2HKrzhC3ozto2nDdN4z","spotify:track:58q2HKrzhC3ozto2nDdN4z","https://api.spotify.com/v1/tracks/58q2HKrzhC3ozto2nDdN4z","https://api.spotify.com/v1/audio-analysis/58q2HKrzhC3ozto2nDdN4z","253390","4"
"0.745","0.715","1","-3.368","0","0.245","0.128","0","0.182","0.342","94.513","audio_features","6Gy7rXB6Ku5vIWC7WGWsl3","spotify:track:6Gy7rXB6Ku5vIWC7WGWsl3","https://api.spotify.com/v1/tracks/6Gy7rXB6Ku5vIWC7WGWsl3","https://api.spotify.com/v1/audio-analysis/6Gy7rXB6Ku5vIWC7WGWsl3","136032","4"
"0.808","0.617","10","-9.32","0","0.442","0.113","0","0.734","0.632","149.962","audio_features","74lnM5V6ecvoTPV0fvptx9","spotify:track:74lnM5V6ecvoTPV0fvptx9","https://api.spotify.com/v1/tracks/74lnM5V6ecvoTPV0fvptx9","https://api.spotify.com/v1/audio-analysis/74lnM5V6ecvoTPV0fvptx9","166400","4"
"0.665","0.699","11","-5.265","1","0.0578","0.423","0","0.0969","0.585","124.896","audio_features","5tAa8Uaqr4VvA3693mbIhU","spotify:track:5tAa8Uaqr4VvA3693mbIhU","https://api.spotify.com/v1/tracks/5tAa8Uaqr4VvA3693mbIhU","https://api.spotify.com/v1/audio-analysis/5tAa8Uaqr4VvA3693mbIhU","190932","4"
"0.752","0.764","1","-4.399","1","0.038","0.0476","0.0000944","0.0543","0.582","121.958","audio_features","21RzyxY3EFaxVy6K4RqaU9","spotify:track:21RzyxY3EFaxVy6K4RqaU9","https://api.spotify.com/v1/tracks/21RzyxY3EFaxVy6K4RqaU9","https://api.spotify.com/v1/audio-analysis/21RzyxY3EFaxVy6K4RqaU9","163216","4"
"0.885","0.543","2","-6.338","1","0.2","0.0311","0","0.154","0.43","99.026","audio_features","4hXDobvUaXyDFLnmecoY0z","spotify:track:4hXDobvUaXyDFLnmecoY0z","https://api.spotify.com/v1/tracks/4hXDobvUaXyDFLnmecoY0z","https://api.spotify.com/v1/audio-analysis/4hXDobvUaXyDFLnmecoY0z","195992","4"
"0.665","0.585","10","-5.077","0","0.366","0.044","0","0.0789","0.658","158.953","audio_features","5nzhL67GpF9szXWg5y509A","spotify:track:5nzhL67GpF9szXWg5y509A","https://api.spotify.com/v1/tracks/5nzhL67GpF9szXWg5y509A","https://api.spotify.com/v1/audio-analysis/5nzhL67GpF9szXWg5y509A","203881","4"
"0.455","0.897","9","-4.879","1","0.0403","0.0183","0","0.174","0.728","160.139","audio_features","2oPCR02nduYVpj7CTfsA0d","spotify:track:2oPCR02nduYVpj7CTfsA0d","https://api.spotify.com/v1/tracks/2oPCR02nduYVpj7CTfsA0d","https://api.spotify.com/v1/audio-analysis/2oPCR02nduYVpj7CTfsA0d","212067","4"
"0.785","0.554","0","-6.571","1","0.0409","0.283","0.0000034","0.116","0.144","128.047","audio_features","7lAK3oHbfEnvUQWosrMMpR","spotify:track:7lAK3oHbfEnvUQWosrMMpR","https://api.spotify.com/v1/tracks/7lAK3oHbfEnvUQWosrMMpR","https://api.spotify.com/v1/audio-analysis/7lAK3oHbfEnvUQWosrMMpR","150043","4"
"0.964","0.487","10","-6.071","0","0.421","0.00127","0.00000657","0.115","0.107","127.05","audio_features","577YBGuskWkVDCxZrLRB4v","spotify:track:577YBGuskWkVDCxZrLRB4v","https://api.spotify.com/v1/tracks/577YBGuskWkVDCxZrLRB4v","https://api.spotify.com/v1/audio-analysis/577YBGuskWkVDCxZrLRB4v","154024","4"
"0.602","0.463","10","-9.666","1","0.0279","0.165","0.00968","0.0975","0.454","142.635","audio_features","68JS5SFTnW5Yv9Vzw81Jf0","spotify:track:68JS5SFTnW5Yv9Vzw81Jf0","https://api.spotify.com/v1/tracks/68JS5SFTnW5Yv9Vzw81Jf0","https://api.spotify.com/v1/audio-analysis/68JS5SFTnW5Yv9Vzw81Jf0","210133","4"
"0.588","0.67","0","-6.439","1","0.0473","0.0104","0.00000333","0.338","0.505","118.159","audio_features","5N4erncE7kuUccm7zEmwzk","spotify:track:5N4erncE7kuUccm7zEmwzk","https://api.spotify.com/v1/tracks/5N4erncE7kuUccm7zEmwzk","https://api.spotify.com/v1/audio-analysis/5N4erncE7kuUccm7zEmwzk","238173","4"
"0.898","0.733","7","-4.75","1","0.178","0.0533","0.000115","0.102","0.295","96.51","audio_features","6supMAknraGpJrN5qqYfV8","spotify:track:6supMAknraGpJrN5qqYfV8","https://api.spotify.com/v1/tracks/6supMAknraGpJrN5qqYfV8","https://api.spotify.com/v1/audio-analysis/6supMAknraGpJrN5qqYfV8","237493","4"
"0.876","0.786","10","-4.884","0","0.306","0.0627","0","0.127","0.575","153.068","audio_features","60SdxE8apGAxMiRrpbmLY0","spotify:track:60SdxE8apGAxMiRrpbmLY0","https://api.spotify.com/v1/tracks/60SdxE8apGAxMiRrpbmLY0","https://api.spotify.com/v1/audio-analysis/60SdxE8apGAxMiRrpbmLY0","244679","4"
"0.613","0.6","8","-7.097","1","0.154","0.166","0","0.117","0.532","147.059","audio_features","5YAP8zpqj1eIX88makBjDe","spotify:track:5YAP8zpqj1eIX88makBjDe","https://api.spotify.com/v1/tracks/5YAP8zpqj1eIX88makBjDe","https://api.spotify.com/v1/audio-analysis/5YAP8zpqj1eIX88makBjDe","223543","4"
"0.735","0.525","6","-2.939","0","0.0441","0.653","0.918","0.101","0.369","160.147","audio_features","7pdF27mSDuPWhppnHAmWHa","spotify:track:7pdF27mSDuPWhppnHAmWHa","https://api.spotify.com/v1/tracks/7pdF27mSDuPWhppnHAmWHa","https://api.spotify.com/v1/audio-analysis/7pdF27mSDuPWhppnHAmWHa","157777","4"
"0.511","0.363","4","-7.65","0","0.041","0.816","0.0317","0.084","0.169","144.892","audio_features","7hDVYcQq6MxkdJGweuCtl9","spotify:track:7hDVYcQq6MxkdJGweuCtl9","https://api.spotify.com/v1/tracks/7hDVYcQq6MxkdJGweuCtl9","https://api.spotify.com/v1/audio-analysis/7hDVYcQq6MxkdJGweuCtl9","200379","4"
"0.441","0.527","3","-5.318","1","0.0966","0.172","0","0.233","0.589","96.37","audio_features","7uiBocndm12aKbsdnQ3Scx","spotify:track:7uiBocndm12aKbsdnQ3Scx","https://api.spotify.com/v1/tracks/7uiBocndm12aKbsdnQ3Scx","https://api.spotify.com/v1/audio-analysis/7uiBocndm12aKbsdnQ3Scx","187298","4"
"0.901","0.464","5","-9.789","0","0.0645","0.368","0.0000171","0.238","0.638","109.004","audio_features","1fewSx2d5KIZ04wsooEBOz","spotify:track:1fewSx2d5KIZ04wsooEBOz","https://api.spotify.com/v1/tracks/1fewSx2d5KIZ04wsooEBOz","https://api.spotify.com/v1/audio-analysis/1fewSx2d5KIZ04wsooEBOz","203267","4"
"0.55","0.415","9","-6.557","0","0.052","0.161","0","0.108","0.274","172.065","audio_features","2JqnpexlO9dmvjUMCaLCLJ","spotify:track:2JqnpexlO9dmvjUMCaLCLJ","https://api.spotify.com/v1/tracks/2JqnpexlO9dmvjUMCaLCLJ","https://api.spotify.com/v1/audio-analysis/2JqnpexlO9dmvjUMCaLCLJ","205463","4"
"0.658","0.671","2","-12.21","1","0.0363","0.0933","0.000927","0.115","0.166","100.966","audio_features","2vXKRlJBXyOcvZYTdNeckS","spotify:track:2vXKRlJBXyOcvZYTdNeckS","https://api.spotify.com/v1/tracks/2vXKRlJBXyOcvZYTdNeckS","https://api.spotify.com/v1/audio-analysis/2vXKRlJBXyOcvZYTdNeckS","202093","4"
"0.741","0.52","8","-7.513","1","0.0656","0.45","0.00000197","0.222","0.347","102.998","audio_features","6Qs4SXO9dwPj5GKvVOv8Ki","spotify:track:6Qs4SXO9dwPj5GKvVOv8Ki","https://api.spotify.com/v1/tracks/6Qs4SXO9dwPj5GKvVOv8Ki","https://api.spotify.com/v1/audio-analysis/6Qs4SXO9dwPj5GKvVOv8Ki","171030","4"
"0.54","0.439","10","-8.591","1","0.115","0.635","0.0000193","0.0993","0.371","167.908","audio_features","7vGGAJBkHKxKtOnGjQduDV","spotify:track:7vGGAJBkHKxKtOnGjQduDV","https://api.spotify.com/v1/tracks/7vGGAJBkHKxKtOnGjQduDV","https://api.spotify.com/v1/audio-analysis/7vGGAJBkHKxKtOnGjQduDV","209547","4"
"0.824","0.595","11","-6.346","1","0.091","0.0571","0.0000037","0.0876","0.157","140.039","audio_features","1I3ZAmPmbFV78oNKnibOiW","spotify:track:1I3ZAmPmbFV78oNKnibOiW","https://api.spotify.com/v1/tracks/1I3ZAmPmbFV78oNKnibOiW","https://api.spotify.com/v1/audio-analysis/1I3ZAmPmbFV78oNKnibOiW","137134","4"
"0.525","0.811","5","-5.702","0","0.345","0.23","0","0.213","0.513","169.685","audio_features","61Oo3DUJubecZQosjho6Pp","spotify:track:61Oo3DUJubecZQosjho6Pp","https://api.spotify.com/v1/tracks/61Oo3DUJubecZQosjho6Pp","https://api.spotify.com/v1/audio-analysis/61Oo3DUJubecZQosjho6Pp","169459","4"
"0.942","0.382","10","-8.099","1","0.564","0.00192","0","0.092","0.379","100.017","audio_features","3KLo7ByvjCNyBrfz5DZ2mO","spotify:track:3KLo7ByvjCNyBrfz5DZ2mO","https://api.spotify.com/v1/tracks/3KLo7ByvjCNyBrfz5DZ2mO","https://api.spotify.com/v1/audio-analysis/3KLo7ByvjCNyBrfz5DZ2mO","177864","4"
"0.725","0.321","1","-10.744","0","0.323","0.578","0","0.0884","0.319","70.142","audio_features","14msK75pk3pA33pzPVNtBF","spotify:track:14msK75pk3pA33pzPVNtBF","https://api.spotify.com/v1/tracks/14msK75pk3pA33pzPVNtBF","https://api.spotify.com/v1/audio-analysis/14msK75pk3pA33pzPVNtBF","178640","4"
"0.571","0.556","1","-5.857","1","0.223","0.0662","0.000149","0.137","0.0762","155.465","audio_features","1AGPmw3QJBNfOK6XioDhZp","spotify:track:1AGPmw3QJBNfOK6XioDhZp","https://api.spotify.com/v1/tracks/1AGPmw3QJBNfOK6XioDhZp","https://api.spotify.com/v1/audio-analysis/1AGPmw3QJBNfOK6XioDhZp","291334","4"
"0.807","0.803","11","-4.156","1","0.126","0.602","0.00853","0.136","0.706","91.987","audio_features","5W83ErFkO3aKAIS1WMi6u0","spotify:track:5W83ErFkO3aKAIS1WMi6u0","https://api.spotify.com/v1/tracks/5W83ErFkO3aKAIS1WMi6u0","https://api.spotify.com/v1/audio-analysis/5W83ErFkO3aKAIS1WMi6u0","258800","4"
"0.661","0.44","2","-9.104","1","0.0803","0.457","0","0.128","0.352","149.937","audio_features","6vWEAOUSxohKxhp0K1BsxL","spotify:track:6vWEAOUSxohKxhp0K1BsxL","https://api.spotify.com/v1/tracks/6vWEAOUSxohKxhp0K1BsxL","https://api.spotify.com/v1/audio-analysis/6vWEAOUSxohKxhp0K1BsxL","230400","4"
"0.953","0.38","8","-4.941","1","0.261","0.00957","0","0.127","0.128","133.941","audio_features","4HfaOznGhHYWqPtpLYz2PB","spotify:track:4HfaOznGhHYWqPtpLYz2PB","https://api.spotify.com/v1/tracks/4HfaOznGhHYWqPtpLYz2PB","https://api.spotify.com/v1/audio-analysis/4HfaOznGhHYWqPtpLYz2PB","116847","4"
"0.68","0.559","0","-5.545","1","0.129","0.172","0","0.318","0.137","202.006","audio_features","63cd4JkwGgYJrbOizbfmsp","spotify:track:63cd4JkwGgYJrbOizbfmsp","https://api.spotify.com/v1/tracks/63cd4JkwGgYJrbOizbfmsp","https://api.spotify.com/v1/audio-analysis/63cd4JkwGgYJrbOizbfmsp","194520","4"
"0.728","0.628","1","-4.766","1","0.191","0.01","0.0000653","0.0735","0.393","160.94","audio_features","5YP6yKgGGsXKukqxXypVAf","spotify:track:5YP6yKgGGsXKukqxXypVAf","https://api.spotify.com/v1/tracks/5YP6yKgGGsXKukqxXypVAf","https://api.spotify.com/v1/audio-analysis/5YP6yKgGGsXKukqxXypVAf","189428","4"
"0.61","0.725","8","-5.131","1","0.15","0.367","0","0.154","0.291","146.163","audio_features","6ZRuF2n1CQxyxxAAWsKJOy","spotify:track:6ZRuF2n1CQxyxxAAWsKJOy","https://api.spotify.com/v1/tracks/6ZRuF2n1CQxyxxAAWsKJOy","https://api.spotify.com/v1/audio-analysis/6ZRuF2n1CQxyxxAAWsKJOy","201788","4"
"0.759","0.73","0","-7.985","0","0.0516","0.145","0.00000306","0.11","0.74","115.007","audio_features","7eBqSVxrzQZtK2mmgRG6lC","spotify:track:7eBqSVxrzQZtK2mmgRG6lC","https://api.spotify.com/v1/tracks/7eBqSVxrzQZtK2mmgRG6lC","https://api.spotify.com/v1/audio-analysis/7eBqSVxrzQZtK2mmgRG6lC","268434","4"
"0.888","0.74","8","-5.363","1","0.238","0.00586","0","0.218","0.664","100.003","audio_features","1NHlyKgtR4roNylOhidKSv","spotify:track:1NHlyKgtR4roNylOhidKSv","https://api.spotify.com/v1/tracks/1NHlyKgtR4roNylOhidKSv","https://api.spotify.com/v1/audio-analysis/1NHlyKgtR4roNylOhidKSv","175711","4"
"0.628","0.751","1","-7.041","0","0.0991","0.0105","0","0.119","0.44","159.965","audio_features","0CALOqrkXAE7WB2nyIATLk","spotify:track:0CALOqrkXAE7WB2nyIATLk","https://api.spotify.com/v1/tracks/0CALOqrkXAE7WB2nyIATLk","https://api.spotify.com/v1/audio-analysis/0CALOqrkXAE7WB2nyIATLk","222013","3"
"0.853","0.805","11","-3.331","0","0.202","0.146","0.0515","0.204","0.879","134.55","audio_features","1WlU4jsJ8AoTB96dgd8LJA","spotify:track:1WlU4jsJ8AoTB96dgd8LJA","https://api.spotify.com/v1/tracks/1WlU4jsJ8AoTB96dgd8LJA","https://api.spotify.com/v1/audio-analysis/1WlU4jsJ8AoTB96dgd8LJA","131756","4"
"0.423","0.813","9","-5.011","1","0.0507","0.218","0.00000162","0.0732","0.421","173.995","audio_features","43CFDpciGFDm226POTLEXU","spotify:track:43CFDpciGFDm226POTLEXU","https://api.spotify.com/v1/tracks/43CFDpciGFDm226POTLEXU","https://api.spotify.com/v1/audio-analysis/43CFDpciGFDm226POTLEXU","211720","4"
"0.623","0.828","3","-4.272","1","0.0565","0.162","0","0.0976","0.953","82.059","audio_features","7bzo7pQlAYvJeeo8AT2QJr","spotify:track:7bzo7pQlAYvJeeo8AT2QJr","https://api.spotify.com/v1/tracks/7bzo7pQlAYvJeeo8AT2QJr","https://api.spotify.com/v1/audio-analysis/7bzo7pQlAYvJeeo8AT2QJr","183140","4"
"0.599","0.733","11","-7.058","1","0.203","0.176","0","0.242","0.534","102.211","audio_features","7COXchtUOMd6uIT6HvmRaI","spotify:track:7COXchtUOMd6uIT6HvmRaI","https://api.spotify.com/v1/tracks/7COXchtUOMd6uIT6HvmRaI","https://api.spotify.com/v1/audio-analysis/7COXchtUOMd6uIT6HvmRaI","162583","4"
"0.512","0.512","4","-6.008","0","0.285","0.654","0","0.148","0.434","95.11","audio_features","2GlATHCDbLW7xq5BE0Bz5g","spotify:track:2GlATHCDbLW7xq5BE0Bz5g","https://api.spotify.com/v1/tracks/2GlATHCDbLW7xq5BE0Bz5g","https://api.spotify.com/v1/audio-analysis/2GlATHCDbLW7xq5BE0Bz5g","201609","1"
"0.68","0.313","3","-13.672","0","0.0347","0.582","0","0.19","0.405","135.034","audio_features","3jq1RpStaB1YGyN3rRZGca","spotify:track:3jq1RpStaB1YGyN3rRZGca","https://api.spotify.com/v1/tracks/3jq1RpStaB1YGyN3rRZGca","https://api.spotify.com/v1/audio-analysis/3jq1RpStaB1YGyN3rRZGca","144724","4"
"0.736","0.868","8","-3.01","0","0.0454","0.166","0.00000148","0.0419","0.613","94.026","audio_features","4au7FRcgZzChASRYu279xH","spotify:track:4au7FRcgZzChASRYu279xH","https://api.spotify.com/v1/tracks/4au7FRcgZzChASRYu279xH","https://api.spotify.com/v1/audio-analysis/4au7FRcgZzChASRYu279xH","181280","4"
"0.523","0.865","7","-4.697","1","0.0989","0.0112","0","0.153","0.325","135.115","audio_features","6VcXUV6nNDhFHDxJbtNSWx","spotify:track:6VcXUV6nNDhFHDxJbtNSWx","https://api.spotify.com/v1/tracks/6VcXUV6nNDhFHDxJbtNSWx","https://api.spotify.com/v1/audio-analysis/6VcXUV6nNDhFHDxJbtNSWx","228640","4"
"0.539","0.859","7","-4.465","1","0.0399","0.0317","0","0.102","0.456","89.937","audio_features","7C6JnGZRj0HMIF06rlz9Mb","spotify:track:7C6JnGZRj0HMIF06rlz9Mb","https://api.spotify.com/v1/tracks/7C6JnGZRj0HMIF06rlz9Mb","https://api.spotify.com/v1/audio-analysis/7C6JnGZRj0HMIF06rlz9Mb","186133","4"
"0.652","0.557","1","-5.714","0","0.0318","0.74","0","0.124","0.483","150.073","audio_features","2qxmye6gAegTMjLKEBoR3d","spotify:track:2qxmye6gAegTMjLKEBoR3d","https://api.spotify.com/v1/tracks/2qxmye6gAegTMjLKEBoR3d","https://api.spotify.com/v1/audio-analysis/2qxmye6gAegTMjLKEBoR3d","169354","4"
"0.905","0.389","8","-14.505","1","0.332","0.74","0.162","0.106","0.196","120.046","audio_features","4SSnFejRGlZikf02HLewEF","spotify:track:4SSnFejRGlZikf02HLewEF","https://api.spotify.com/v1/tracks/4SSnFejRGlZikf02HLewEF","https://api.spotify.com/v1/audio-analysis/4SSnFejRGlZikf02HLewEF","193143","4"
"0.906","0.382","10","-12.89","0","0.269","0.18","0","0.113","0.391","104.025","audio_features","3oh6SCCeLuXhFpEyepla6G","spotify:track:3oh6SCCeLuXhFpEyepla6G","https://api.spotify.com/v1/tracks/3oh6SCCeLuXhFpEyepla6G","https://api.spotify.com/v1/audio-analysis/3oh6SCCeLuXhFpEyepla6G","129264","4"
"0.636","0.953","2","-3.74","1","0.0353","0.0244","0.0164","0.108","0.397","142.011","audio_features","12mGwph2YzDIlChtq3EdXP","spotify:track:12mGwph2YzDIlChtq3EdXP","https://api.spotify.com/v1/tracks/12mGwph2YzDIlChtq3EdXP","https://api.spotify.com/v1/audio-analysis/12mGwph2YzDIlChtq3EdXP","273803","4"
"0.474","0.594","11","-5.756","1","0.0289","0.0292","0","0.133","0.503","86.131","audio_features","7Il2yWQmsqKgSkLQvHTPUI","spotify:track:7Il2yWQmsqKgSkLQvHTPUI","https://api.spotify.com/v1/tracks/7Il2yWQmsqKgSkLQvHTPUI","https://api.spotify.com/v1/audio-analysis/7Il2yWQmsqKgSkLQvHTPUI","195987","4"
"0.825","0.84","7","-3.651","1","0.227","0.245","0","0.341","0.52","115.062","audio_features","5ygDXis42ncn6kYG14lEVG","spotify:track:5ygDXis42ncn6kYG14lEVG","https://api.spotify.com/v1/tracks/5ygDXis42ncn6kYG14lEVG","https://api.spotify.com/v1/audio-analysis/5ygDXis42ncn6kYG14lEVG","96333","4"
"0.788","0.842","4","-4.006","0","0.142","0.121","0.00112","0.166","0.481","190.077","audio_features","0RRm4OS5ymfZryXBuj0G2m","spotify:track:0RRm4OS5ymfZryXBuj0G2m","https://api.spotify.com/v1/tracks/0RRm4OS5ymfZryXBuj0G2m","https://api.spotify.com/v1/audio-analysis/0RRm4OS5ymfZryXBuj0G2m","166476","4"
"0.861","0.481","2","-7.309","1","0.343","0.125","0.0000138","0.0903","0.188","146.992","audio_features","2IoZOYOZDrWCOLoZoYedxQ","spotify:track:2IoZOYOZDrWCOLoZoYedxQ","https://api.spotify.com/v1/tracks/2IoZOYOZDrWCOLoZoYedxQ","https://api.spotify.com/v1/audio-analysis/2IoZOYOZDrWCOLoZoYedxQ","195736","4"
"0.835","0.659","4","-5.696","1","0.31","0.0123","0","0.372","0.579","129.93","audio_features","6PRh0ilIMEP1xlUHqalnkD","spotify:track:6PRh0ilIMEP1xlUHqalnkD","https://api.spotify.com/v1/tracks/6PRh0ilIMEP1xlUHqalnkD","https://api.spotify.com/v1/audio-analysis/6PRh0ilIMEP1xlUHqalnkD","195257","4"
"0.734","0.683","1","-6.105","1","0.0776","0.013","0","0.28","0.445","162.038","audio_features","3WRIaWsws011vHMd9uzPjG","spotify:track:3WRIaWsws011vHMd9uzPjG","https://api.spotify.com/v1/tracks/3WRIaWsws011vHMd9uzPjG","https://api.spotify.com/v1/audio-analysis/3WRIaWsws011vHMd9uzPjG","228367","4"
"0.71","0.888","2","-6.457","1","0.235","0.0591","0","0.134","0.816","170.193","audio_features","25F6MWrnFBCXVnpN4n76EK","spotify:track:25F6MWrnFBCXVnpN4n76EK","https://api.spotify.com/v1/tracks/25F6MWrnFBCXVnpN4n76EK","https://api.spotify.com/v1/audio-analysis/25F6MWrnFBCXVnpN4n76EK","225987","4"
"0.672","0.721","7","-5.557","1","0.0246","0.3","0.00000198","0.279","0.812","99.978","audio_features","7yrJnekdlwWARt5lmVqJ6L","spotify:track:7yrJnekdlwWARt5lmVqJ6L","https://api.spotify.com/v1/tracks/7yrJnekdlwWARt5lmVqJ6L","https://api.spotify.com/v1/audio-analysis/7yrJnekdlwWARt5lmVqJ6L","188613","4"
"0.643","0.72","2","-7.146","1","0.0527","0.014","0","0.0834","0.491","96.028","audio_features","5NfJGBAL9mgFPRQxKJmiX2","spotify:track:5NfJGBAL9mgFPRQxKJmiX2","https://api.spotify.com/v1/tracks/5NfJGBAL9mgFPRQxKJmiX2","https://api.spotify.com/v1/audio-analysis/5NfJGBAL9mgFPRQxKJmiX2","192840","4"
"0.837","0.364","8","-11.713","1","0.276","0.149","0","0.271","0.463","123.984","audio_features","2JvzF1RMd7lE3KmFlsyZD8","spotify:track:2JvzF1RMd7lE3KmFlsyZD8","https://api.spotify.com/v1/tracks/2JvzF1RMd7lE3KmFlsyZD8","https://api.spotify.com/v1/audio-analysis/2JvzF1RMd7lE3KmFlsyZD8","213594","4"
"0.737","0.86","8","-2.652","0","0.0593","0.11","0.00000194","0.0574","0.656","93.989","audio_features","5w9c2J52mkdntKOmRLeM2m","spotify:track:5w9c2J52mkdntKOmRLeM2m","https://api.spotify.com/v1/tracks/5w9c2J52mkdntKOmRLeM2m","https://api.spotify.com/v1/audio-analysis/5w9c2J52mkdntKOmRLeM2m","193227","4"
"0.628","0.757","7","-3.561","1","0.0281","0.113","0","0.263","0.727","96.016","audio_features","0bPnT6i9H1p8Vd85GS6Z7I","spotify:track:0bPnT6i9H1p8Vd85GS6Z7I","https://api.spotify.com/v1/tracks/0bPnT6i9H1p8Vd85GS6Z7I","https://api.spotify.com/v1/audio-analysis/0bPnT6i9H1p8Vd85GS6Z7I","172253","4"
"0.443","0.538","1","-5.477","1","0.0309","0.327","0.0000461","0.0866","0.245","157.97","audio_features","3OjNkFFZavF89xvRqWCXmU","spotify:track:3OjNkFFZavF89xvRqWCXmU","https://api.spotify.com/v1/tracks/3OjNkFFZavF89xvRqWCXmU","https://api.spotify.com/v1/audio-analysis/3OjNkFFZavF89xvRqWCXmU","213307","4"
"0.647","0.309","7","-7.948","0","0.0366","0.78","0.00000741","0.202","0.195","87.045","audio_features","1TEL6MlSSVLSdhOSddidlJ","spotify:track:1TEL6MlSSVLSdhOSddidlJ","https://api.spotify.com/v1/tracks/1TEL6MlSSVLSdhOSddidlJ","https://api.spotify.com/v1/audio-analysis/1TEL6MlSSVLSdhOSddidlJ","171573","4"
"0.747","0.458","6","-6.891","1","0.303","0.451","0","0.252","0.47","75.029","audio_features","4uTvPEr01pjTbZgl7jcKBD","spotify:track:4uTvPEr01pjTbZgl7jcKBD","https://api.spotify.com/v1/tracks/4uTvPEr01pjTbZgl7jcKBD","https://api.spotify.com/v1/audio-analysis/4uTvPEr01pjTbZgl7jcKBD","182000","4"
"0.758","0.665","2","-5.188","0","0.0774","0.0815","0.000157","0.216","0.643","151.976","audio_features","2hloaUoRonYssMuqLCBLTX","spotify:track:2hloaUoRonYssMuqLCBLTX","https://api.spotify.com/v1/tracks/2hloaUoRonYssMuqLCBLTX","https://api.spotify.com/v1/audio-analysis/2hloaUoRonYssMuqLCBLTX","216893","4"
"0.287","0.364","9","-8.295","1","0.0306","0.418","0.000018","0.185","0.11","103.777","audio_features","2vdBo4ALPYbHRUPKgtE5iC","spotify:track:2vdBo4ALPYbHRUPKgtE5iC","https://api.spotify.com/v1/tracks/2vdBo4ALPYbHRUPKgtE5iC","https://api.spotify.com/v1/audio-analysis/2vdBo4ALPYbHRUPKgtE5iC","271467","4"
"0.45","0.619","9","-7.412","1","0.372","0.329","0","0.319","0.427","83.3","audio_features","3wFLWP0FcIqHK1wb1CPthQ","spotify:track:3wFLWP0FcIqHK1wb1CPthQ","https://api.spotify.com/v1/tracks/3wFLWP0FcIqHK1wb1CPthQ","https://api.spotify.com/v1/audio-analysis/3wFLWP0FcIqHK1wb1CPthQ","208880","4"
"0.847","0.579","1","-5.314","1","0.0719","0.0268","0.0545","0.102","0.569","137.998","audio_features","5Il6Oe7lr5XM7A0cWbVQtr","spotify:track:5Il6Oe7lr5XM7A0cWbVQtr","https://api.spotify.com/v1/tracks/5Il6Oe7lr5XM7A0cWbVQtr","https://api.spotify.com/v1/audio-analysis/5Il6Oe7lr5XM7A0cWbVQtr","267107","4"
"0.51","0.835","3","-4.673","1","0.0447","0.00791","0","0.219","0.435","140.024","audio_features","5QiNbIilmMiMBXvaAlf7lN","spotify:track:5QiNbIilmMiMBXvaAlf7lN","https://api.spotify.com/v1/tracks/5QiNbIilmMiMBXvaAlf7lN","https://api.spotify.com/v1/audio-analysis/5QiNbIilmMiMBXvaAlf7lN","226747","4"
"0.592","0.891","10","-3.144","1","0.0512","0.0267","0","0.352","0.674","99.983","audio_features","3dCZm5HrG0jIXAHfNkg2H0","spotify:track:3dCZm5HrG0jIXAHfNkg2H0","https://api.spotify.com/v1/tracks/3dCZm5HrG0jIXAHfNkg2H0","https://api.spotify.com/v1/audio-analysis/3dCZm5HrG0jIXAHfNkg2H0","174255","4"
"0.581","0.197","3","-7.697","1","0.0329","0.88","0","0.107","0.349","130.367","audio_features","79qxwHypONUt3AFq0WPpT9","spotify:track:79qxwHypONUt3AFq0WPpT9","https://api.spotify.com/v1/tracks/79qxwHypONUt3AFq0WPpT9","https://api.spotify.com/v1/audio-analysis/79qxwHypONUt3AFq0WPpT9","214293","4"
"0.936","0.559","7","-8.591","0","0.158","0.479","0","0.129","0.517","112.339","audio_features","2MJdgSby3DtSS7bUJx2cly","spotify:track:2MJdgSby3DtSS7bUJx2cly","https://api.spotify.com/v1/tracks/2MJdgSby3DtSS7bUJx2cly","https://api.spotify.com/v1/audio-analysis/2MJdgSby3DtSS7bUJx2cly","241440","4"
"0.901","0.4","0","-8.575","1","0.126","0.051","0","0.0599","0.346","135.984","audio_features","6TqXcAFInzjp0bODyvrWEq","spotify:track:6TqXcAFInzjp0bODyvrWEq","https://api.spotify.com/v1/tracks/6TqXcAFInzjp0bODyvrWEq","https://api.spotify.com/v1/audio-analysis/6TqXcAFInzjp0bODyvrWEq","197573","4"
"0.513","0.949","0","-1.723","1","0.0461","0.0104","0","0.154","0.797","159.985","audio_features","3bDXhWsPiFTHtrsMg5faL2","spotify:track:3bDXhWsPiFTHtrsMg5faL2","https://api.spotify.com/v1/tracks/3bDXhWsPiFTHtrsMg5faL2","https://api.spotify.com/v1/audio-analysis/3bDXhWsPiFTHtrsMg5faL2","235266","4"
"0.745","0.693","2","-5.479","0","0.034","0.339","0","0.123","0.248","98.039","audio_features","2XWjPtKdi5sucFYtVav07d","spotify:track:2XWjPtKdi5sucFYtVav07d","https://api.spotify.com/v1/tracks/2XWjPtKdi5sucFYtVav07d","https://api.spotify.com/v1/audio-analysis/2XWjPtKdi5sucFYtVav07d","181900","4"
"0.764","0.528","5","-4.082","0","0.0588","0.468","0","0.0811","0.422","123.936","audio_features","4XiGKQqbmnMVxDzUj6j3f2","spotify:track:4XiGKQqbmnMVxDzUj6j3f2","https://api.spotify.com/v1/tracks/4XiGKQqbmnMVxDzUj6j3f2","https://api.spotify.com/v1/audio-analysis/4XiGKQqbmnMVxDzUj6j3f2","189253","5"
"0.609","0.884","1","-4.235","1","0.034","0.00191","0","0.109","0.949","127.974","audio_features","4ivJ1KEoJ6S93JbSWvOME1","spotify:track:4ivJ1KEoJ6S93JbSWvOME1","https://api.spotify.com/v1/tracks/4ivJ1KEoJ6S93JbSWvOME1","https://api.spotify.com/v1/audio-analysis/4ivJ1KEoJ6S93JbSWvOME1","194480","4"
"0.565","0.825","10","-4.245","1","0.0417","0.00303","0","0.0779","0.609","160.003","audio_features","2TLDilmv1UmRTfyb7f2Hrx","spotify:track:2TLDilmv1UmRTfyb7f2Hrx","https://api.spotify.com/v1/tracks/2TLDilmv1UmRTfyb7f2Hrx","https://api.spotify.com/v1/audio-analysis/2TLDilmv1UmRTfyb7f2Hrx","218733","4"
"0.844","0.513","1","-8.769","1","0.335","0.178","0","0.0845","0.344","128.085","audio_features","7pMRoGLEJuFM2wl5pt0R99","spotify:track:7pMRoGLEJuFM2wl5pt0R99","https://api.spotify.com/v1/tracks/7pMRoGLEJuFM2wl5pt0R99","https://api.spotify.com/v1/audio-analysis/7pMRoGLEJuFM2wl5pt0R99","244941","4"
"0.919","0.622","1","-7.384","1","0.0997","0.228","0.00000424","0.122","0.424","140.022","audio_features","59ywHNwwchG4nZJMLyxSzd","spotify:track:59ywHNwwchG4nZJMLyxSzd","https://api.spotify.com/v1/tracks/59ywHNwwchG4nZJMLyxSzd","https://api.spotify.com/v1/audio-analysis/59ywHNwwchG4nZJMLyxSzd","205803","4"
"0.883","0.544","2","-7.92","1","0.233","0.507","0.0000016","0.08","0.114","129.993","audio_features","32iPykTXUNZ9oGyACGUybq","spotify:track:32iPykTXUNZ9oGyACGUybq","https://api.spotify.com/v1/tracks/32iPykTXUNZ9oGyACGUybq","https://api.spotify.com/v1/audio-analysis/32iPykTXUNZ9oGyACGUybq","276794","4"
"0.829","0.73","6","-4.554","0","0.241","0.309","0","0.109","0.324","149.075","audio_features","76PwajqH3ej4hnk9tgaJpp","spotify:track:76PwajqH3ej4hnk9tgaJpp","https://api.spotify.com/v1/tracks/76PwajqH3ej4hnk9tgaJpp","https://api.spotify.com/v1/audio-analysis/76PwajqH3ej4hnk9tgaJpp","180780","4"
"0.914","0.415","6","-10.708","1","0.464","0.0536","0","0.131","0.646","135.03","audio_features","2OaKHGvIxoOzIYjyMsxcT8","spotify:track:2OaKHGvIxoOzIYjyMsxcT8","https://api.spotify.com/v1/tracks/2OaKHGvIxoOzIYjyMsxcT8","https://api.spotify.com/v1/audio-analysis/2OaKHGvIxoOzIYjyMsxcT8","241995","4"
"0.868","0.657","7","-5.318","0","0.0745","0.197","0","0.105","0.508","125.905","audio_features","1unFtbwcAnSGgYPmp52vc0","spotify:track:1unFtbwcAnSGgYPmp52vc0","https://api.spotify.com/v1/tracks/1unFtbwcAnSGgYPmp52vc0","https://api.spotify.com/v1/audio-analysis/1unFtbwcAnSGgYPmp52vc0","139644","4"
"0.959","0.539","4","-6.611","0","0.0958","0.172","0","0.108","0.657","103","audio_features","4W9XGjEUVG9junR70FOLii","spotify:track:4W9XGjEUVG9junR70FOLii","https://api.spotify.com/v1/tracks/4W9XGjEUVG9junR70FOLii","https://api.spotify.com/v1/audio-analysis/4W9XGjEUVG9junR70FOLii","204516","4"
"0.606","0.652","9","-6.982","1","0.0281","0.323","0","0.201","0.476","97.155","audio_features","5AnSllIrgGsCZzZJkVnApx","spotify:track:5AnSllIrgGsCZzZJkVnApx","https://api.spotify.com/v1/tracks/5AnSllIrgGsCZzZJkVnApx","https://api.spotify.com/v1/audio-analysis/5AnSllIrgGsCZzZJkVnApx","182493","4"
"0.912","0.587","7","-7.395","1","0.0582","0.0394","0.01","0.111","0.435","143.027","audio_features","3BXXkwyhsHM0EPApHMhQC5","spotify:track:3BXXkwyhsHM0EPApHMhQC5","https://api.spotify.com/v1/tracks/3BXXkwyhsHM0EPApHMhQC5","https://api.spotify.com/v1/audio-analysis/3BXXkwyhsHM0EPApHMhQC5","179022","4"
"0.556","0.528","4","-8.033","1","0.0266","0.615","0.0964","0.122","0.163","159.821","audio_features","1HNywa8Bk0TmzRwQrzhtPo","spotify:track:1HNywa8Bk0TmzRwQrzhtPo","https://api.spotify.com/v1/tracks/1HNywa8Bk0TmzRwQrzhtPo","https://api.spotify.com/v1/audio-analysis/1HNywa8Bk0TmzRwQrzhtPo","285480","4"
"0.634","0.516","8","-6.05","1","0.0373","0.4","0","0.142","0.769","153.831","audio_features","1D07CwYBPqu8NbQTdu9C1g","spotify:track:1D07CwYBPqu8NbQTdu9C1g","https://api.spotify.com/v1/tracks/1D07CwYBPqu8NbQTdu9C1g","https://api.spotify.com/v1/audio-analysis/1D07CwYBPqu8NbQTdu9C1g","192053","4"
"0.852","0.568","1","-9.202","0","0.344","0.183","0","0.0993","0.504","81.526","audio_features","1q9jq5X5vwmewjOa2mHtQ1","spotify:track:1q9jq5X5vwmewjOa2mHtQ1","https://api.spotify.com/v1/tracks/1q9jq5X5vwmewjOa2mHtQ1","https://api.spotify.com/v1/audio-analysis/1q9jq5X5vwmewjOa2mHtQ1","180935","4"
"0.651","0.708","4","-4.791","1","0.0376","0.582","0","0.0796","0.558","119.964","audio_features","4qQwGRtGT7l6ckQtdPEFd4","spotify:track:4qQwGRtGT7l6ckQtdPEFd4","https://api.spotify.com/v1/tracks/4qQwGRtGT7l6ckQtdPEFd4","https://api.spotify.com/v1/audio-analysis/4qQwGRtGT7l6ckQtdPEFd4","202920","4"
"0.935","0.552","10","-9.373","0","0.335","0.111","0","0.0952","0.615","99.993","audio_features","1ThmUihH9dF8EV08ku5AXN","spotify:track:1ThmUihH9dF8EV08ku5AXN","https://api.spotify.com/v1/tracks/1ThmUihH9dF8EV08ku5AXN","https://api.spotify.com/v1/audio-analysis/1ThmUihH9dF8EV08ku5AXN","145627","4"
"0.842","0.734","1","-5.065","0","0.0588","0.0427","0","0.106","0.952","137.958","audio_features","4y3OI86AEP6PQoDE6olYhO","spotify:track:4y3OI86AEP6PQoDE6olYhO","https://api.spotify.com/v1/tracks/4y3OI86AEP6PQoDE6olYhO","https://api.spotify.com/v1/audio-analysis/4y3OI86AEP6PQoDE6olYhO","181040","4"
"0.747","0.57","1","-6.711","1","0.081","0.0642","0","0.0832","0.65","133.992","audio_features","0PG9fbaaHFHfre2gUVo7AN","spotify:track:0PG9fbaaHFHfre2gUVo7AN","https://api.spotify.com/v1/tracks/0PG9fbaaHFHfre2gUVo7AN","https://api.spotify.com/v1/audio-analysis/0PG9fbaaHFHfre2gUVo7AN","200890","4"
"0.851","0.541","0","-6.825","1","0.0505","0.568","0","0.13","0.448","124.959","audio_features","6FRLCMO5TUHTexlWo8ym1W","spotify:track:6FRLCMO5TUHTexlWo8ym1W","https://api.spotify.com/v1/tracks/6FRLCMO5TUHTexlWo8ym1W","https://api.spotify.com/v1/audio-analysis/6FRLCMO5TUHTexlWo8ym1W","235545","4"
"0.793","0.399","7","-7.428","1","0.0951","0.12","0","0.124","0.0379","121.949","audio_features","6Z4rmc0uujCpl8yXe3yjgI","spotify:track:6Z4rmc0uujCpl8yXe3yjgI","https://api.spotify.com/v1/tracks/6Z4rmc0uujCpl8yXe3yjgI","https://api.spotify.com/v1/audio-analysis/6Z4rmc0uujCpl8yXe3yjgI","226600","4"
"0.938","0.638","8","-4.713","1","0.189","0.0167","0","0.111","0.313","97.075","audio_features","3A2yGHWIzmGEIolwonU69h","spotify:track:3A2yGHWIzmGEIolwonU69h","https://api.spotify.com/v1/tracks/3A2yGHWIzmGEIolwonU69h","https://api.spotify.com/v1/audio-analysis/3A2yGHWIzmGEIolwonU69h","158332","4"
"0.615","0.68","6","-4.582","1","0.0286","0.364","0.00000175","0.115","0.702","149.992","audio_features","6foY66mWZN0pSRjZ408c00","spotify:track:6foY66mWZN0pSRjZ408c00","https://api.spotify.com/v1/tracks/6foY66mWZN0pSRjZ408c00","https://api.spotify.com/v1/audio-analysis/6foY66mWZN0pSRjZ408c00","234347","4"
"0.652","0.453","1","-6.119","1","0.0445","0.0519","0","0.179","0.432","88.038","audio_features","7DHApOHsIFo7EyfieArYGE","spotify:track:7DHApOHsIFo7EyfieArYGE","https://api.spotify.com/v1/tracks/7DHApOHsIFo7EyfieArYGE","https://api.spotify.com/v1/audio-analysis/7DHApOHsIFo7EyfieArYGE","177391","3"
"0.541","0.468","10","-4.039","0","0.362","0.404","0.00000365","0.358","0.69","95.266","audio_features","1WSGTYKLEpKfNQYYW5Oymt","spotify:track:1WSGTYKLEpKfNQYYW5Oymt","https://api.spotify.com/v1/tracks/1WSGTYKLEpKfNQYYW5Oymt","https://api.spotify.com/v1/audio-analysis/1WSGTYKLEpKfNQYYW5Oymt","158027","4"
"0.796","0.467","11","-6.293","1","0.34","0.202","0.0000332","0.206","0.4","179.974","audio_features","7jKUnzzOGhAlPjr7LkIUlE","spotify:track:7jKUnzzOGhAlPjr7LkIUlE","https://api.spotify.com/v1/tracks/7jKUnzzOGhAlPjr7LkIUlE","https://api.spotify.com/v1/audio-analysis/7jKUnzzOGhAlPjr7LkIUlE","173760","3"
"0.685","0.692","2","-5.122","1","0.0457","0.328","0","0.153","0.578","159.966","audio_features","6Hj9jySrnFppAI0sEMCZpJ","spotify:track:6Hj9jySrnFppAI0sEMCZpJ","https://api.spotify.com/v1/tracks/6Hj9jySrnFppAI0sEMCZpJ","https://api.spotify.com/v1/audio-analysis/6Hj9jySrnFppAI0sEMCZpJ","240051","5"
"0.699","0.687","7","-3.997","0","0.106","0.308","0.0000363","0.121","0.499","88.932","audio_features","13ZyrkCDmRz5xY3seuAWYk","spotify:track:13ZyrkCDmRz5xY3seuAWYk","https://api.spotify.com/v1/tracks/13ZyrkCDmRz5xY3seuAWYk","https://api.spotify.com/v1/audio-analysis/13ZyrkCDmRz5xY3seuAWYk","189977","4"
"0.745","0.561","0","-4.869","1","0.0807","0.0758","0","0.133","0.449","77.557","audio_features","41MCdlvXOl62B7Kv86Bb1v","spotify:track:41MCdlvXOl62B7Kv86Bb1v","https://api.spotify.com/v1/tracks/41MCdlvXOl62B7Kv86Bb1v","https://api.spotify.com/v1/audio-analysis/41MCdlvXOl62B7Kv86Bb1v","248431","4"
"0.878","0.619","6","-5.56","1","0.102","0.0533","0","0.113","0.639","136.041","audio_features","6u7jPi22kF8CTQ3rb9DHE7","spotify:track:6u7jPi22kF8CTQ3rb9DHE7","https://api.spotify.com/v1/tracks/6u7jPi22kF8CTQ3rb9DHE7","https://api.spotify.com/v1/audio-analysis/6u7jPi22kF8CTQ3rb9DHE7","157067","4"
"0.656","0.432","6","-9.481","0","0.217","0.443","0","0.132","0.0897","97.022","audio_features","14SaZBTjxlorHJQxXh01Hu","spotify:track:14SaZBTjxlorHJQxXh01Hu","https://api.spotify.com/v1/tracks/14SaZBTjxlorHJQxXh01Hu","https://api.spotify.com/v1/audio-analysis/14SaZBTjxlorHJQxXh01Hu","222374","4"
"0.44","0.793","6","-3.95","1","0.0502","0.0677","0","0.0788","0.447","143.599","audio_features","3y5B5ebFMzEEFqCPOesAXR","spotify:track:3y5B5ebFMzEEFqCPOesAXR","https://api.spotify.com/v1/tracks/3y5B5ebFMzEEFqCPOesAXR","https://api.spotify.com/v1/audio-analysis/3y5B5ebFMzEEFqCPOesAXR","250653","4"
"0.674","0.726","11","-3.813","0","0.141","0.126","0.00000156","0.115","0.443","160.067","audio_features","4mUIe9gfsdtsVP2zFIl74x","spotify:track:4mUIe9gfsdtsVP2zFIl74x","https://api.spotify.com/v1/tracks/4mUIe9gfsdtsVP2zFIl74x","https://api.spotify.com/v1/audio-analysis/4mUIe9gfsdtsVP2zFIl74x","144090","4"
"0.383","0.637","3","-6.993","1","0.0703","0.0722","0","0.368","0.0827","177.913","audio_features","2RSHsoi04658QL5xgQVov3","spotify:track:2RSHsoi04658QL5xgQVov3","https://api.spotify.com/v1/tracks/2RSHsoi04658QL5xgQVov3","https://api.spotify.com/v1/audio-analysis/2RSHsoi04658QL5xgQVov3","260773","4"
"0.645","0.568","5","-9.127","0","0.0823","0.543","0.266","0.257","0.391","84.999","audio_features","1DUSuNhF8P5vUGNPpQiZa5","spotify:track:1DUSuNhF8P5vUGNPpQiZa5","https://api.spotify.com/v1/tracks/1DUSuNhF8P5vUGNPpQiZa5","https://api.spotify.com/v1/audio-analysis/1DUSuNhF8P5vUGNPpQiZa5","166101","4"
"0.732","0.847","2","-3.921","1","0.0307","0.0221","0","0.246","0.885","113.012","audio_features","1HY7Ze0NWqDJkl4g4MV62Q","spotify:track:1HY7Ze0NWqDJkl4g4MV62Q","https://api.spotify.com/v1/tracks/1HY7Ze0NWqDJkl4g4MV62Q","https://api.spotify.com/v1/audio-analysis/1HY7Ze0NWqDJkl4g4MV62Q","168214","4"
"0.679","0.572","5","-6.703","1","0.0781","0.455","0.00000241","0.127","0.542","92.859","audio_features","5SHhPFh68OhUmuRPymKX9d","spotify:track:5SHhPFh68OhUmuRPymKX9d","https://api.spotify.com/v1/tracks/5SHhPFh68OhUmuRPymKX9d","https://api.spotify.com/v1/audio-analysis/5SHhPFh68OhUmuRPymKX9d","183428","4"
"0.655","0.56","9","-6.857","1","0.0486","0.749","0","0.115","0.599","140.975","audio_features","56eGOeSsqdg3FLxdo83TwV","spotify:track:56eGOeSsqdg3FLxdo83TwV","https://api.spotify.com/v1/tracks/56eGOeSsqdg3FLxdo83TwV","https://api.spotify.com/v1/audio-analysis/56eGOeSsqdg3FLxdo83TwV","198440","4"
"0.709","0.662","8","-4.55","1","0.0766","0.00966","0","0.108","0.439","150.046","audio_features","2BSbCCbaSCzkOEZa6N5901","spotify:track:2BSbCCbaSCzkOEZa6N5901","https://api.spotify.com/v1/tracks/2BSbCCbaSCzkOEZa6N5901","https://api.spotify.com/v1/audio-analysis/2BSbCCbaSCzkOEZa6N5901","218349","4"
"0.741","0.845","5","-3.568","0","0.0381","0.15","0","0.174","0.926","129.939","audio_features","2v5JTeM6hSmi5wWy7jiwrI","spotify:track:2v5JTeM6hSmi5wWy7jiwrI","https://api.spotify.com/v1/tracks/2v5JTeM6hSmi5wWy7jiwrI","https://api.spotify.com/v1/audio-analysis/2v5JTeM6hSmi5wWy7jiwrI","233613","4"
"0.553","0.502","0","-5.972","1","0.0409","0.299","0","0.764","0.296","129.976","audio_features","2rbDhOo9Fh61Bbu23T2qCk","spotify:track:2rbDhOo9Fh61Bbu23T2qCk","https://api.spotify.com/v1/tracks/2rbDhOo9Fh61Bbu23T2qCk","https://api.spotify.com/v1/audio-analysis/2rbDhOo9Fh61Bbu23T2qCk","210200","4"
"0.517","0.776","11","-5.271","1","0.0362","0.0144","0","0.113","0.448","96.002","audio_features","38nVuIj9mi5a8oopOJhSJk","spotify:track:38nVuIj9mi5a8oopOJhSJk","https://api.spotify.com/v1/tracks/38nVuIj9mi5a8oopOJhSJk","https://api.spotify.com/v1/audio-analysis/38nVuIj9mi5a8oopOJhSJk","216533","4"
"0.881","0.504","2","-6.033","1","0.345","0.00166","0.0000529","0.0889","0.229","156.97","audio_features","6tByydPskASjm9jTPkNQq0","spotify:track:6tByydPskASjm9jTPkNQq0","https://api.spotify.com/v1/tracks/6tByydPskASjm9jTPkNQq0","https://api.spotify.com/v1/audio-analysis/6tByydPskASjm9jTPkNQq0","107147","4"
"0.905","0.492","8","-8.953","0","0.0936","0.0177","0","0.0994","0.605","140.076","audio_features","7dsEsd0rlVs6PddRJj64ho","spotify:track:7dsEsd0rlVs6PddRJj64ho","https://api.spotify.com/v1/tracks/7dsEsd0rlVs6PddRJj64ho","https://api.spotify.com/v1/audio-analysis/7dsEsd0rlVs6PddRJj64ho","178993","4"
"0.791","0.565","5","-3.933","0","0.0439","0.0623","0","0.156","0.181","99.961","audio_features","5icOoE6VgqFKohjWWNp0Ac","spotify:track:5icOoE6VgqFKohjWWNp0Ac","https://api.spotify.com/v1/tracks/5icOoE6VgqFKohjWWNp0Ac","https://api.spotify.com/v1/audio-analysis/5icOoE6VgqFKohjWWNp0Ac","156347","4"
"0.515","0.479","3","-7.458","1","0.0261","0.544","0.00598","0.191","0.284","88.964","audio_features","0rKtyWc8bvkriBthvHKY8d","spotify:track:0rKtyWc8bvkriBthvHKY8d","https://api.spotify.com/v1/tracks/0rKtyWc8bvkriBthvHKY8d","https://api.spotify.com/v1/audio-analysis/0rKtyWc8bvkriBthvHKY8d","209274","4"
"0.768","0.574","6","-6.104","0","0.136","0.384","0.0000165","0.336","0.278","74.949","audio_features","4hqOmrCCJKyiuwDexd8c2t","spotify:track:4hqOmrCCJKyiuwDexd8c2t","https://api.spotify.com/v1/tracks/4hqOmrCCJKyiuwDexd8c2t","https://api.spotify.com/v1/audio-analysis/4hqOmrCCJKyiuwDexd8c2t","217776","4"
"0.8","0.762","7","-4.097","0","0.203","0.381","0","0.0887","0.645","141.971","audio_features","5CE0V7z1ePOZQNJNpWxYGA","spotify:track:5CE0V7z1ePOZQNJNpWxYGA","https://api.spotify.com/v1/tracks/5CE0V7z1ePOZQNJNpWxYGA","https://api.spotify.com/v1/audio-analysis/5CE0V7z1ePOZQNJNpWxYGA","284080","4"
"0.514","0.618","11","-4.585","0","0.0317","0.175","0","0.117","0.401","84.259","audio_features","0i0wnv9UoFdZ5MfuFGQzMy","spotify:track:0i0wnv9UoFdZ5MfuFGQzMy","https://api.spotify.com/v1/tracks/0i0wnv9UoFdZ5MfuFGQzMy","https://api.spotify.com/v1/audio-analysis/0i0wnv9UoFdZ5MfuFGQzMy","150333","4"
"0.674","0.881","9","-2.853","1","0.147","0.296","0.00000301","0.0793","0.234","98.994","audio_features","5WHTFyqSii0lmT9R21abT8","spotify:track:5WHTFyqSii0lmT9R21abT8","https://api.spotify.com/v1/tracks/5WHTFyqSii0lmT9R21abT8","https://api.spotify.com/v1/audio-analysis/5WHTFyqSii0lmT9R21abT8","178480","4"
"0.521","0.125","9","-17.832","1","0.239","0.751","0.00207","0.265","0.0528","111.554","audio_features","4QIo4oxwzzafcBWkKjDpXY","spotify:track:4QIo4oxwzzafcBWkKjDpXY","https://api.spotify.com/v1/tracks/4QIo4oxwzzafcBWkKjDpXY","https://api.spotify.com/v1/audio-analysis/4QIo4oxwzzafcBWkKjDpXY","243725","4"
"0.678","0.533","4","-10.485","1","0.186","0.462","0.219","0.139","0.323","150.455","audio_features","3XF5xLJHOQQRbWya6hBp7d","spotify:track:3XF5xLJHOQQRbWya6hBp7d","https://api.spotify.com/v1/tracks/3XF5xLJHOQQRbWya6hBp7d","https://api.spotify.com/v1/audio-analysis/3XF5xLJHOQQRbWya6hBp7d","180953","4"
"0.939","0.305","8","-10.952","0","0.354","0.35","0.000169","0.105","0.563","100.029","audio_features","3Tc57t9l2O8FwQZtQOvPXK","spotify:track:3Tc57t9l2O8FwQZtQOvPXK","https://api.spotify.com/v1/tracks/3Tc57t9l2O8FwQZtQOvPXK","https://api.spotify.com/v1/audio-analysis/3Tc57t9l2O8FwQZtQOvPXK","179889","4"
"0.671","0.833","5","-5.152","0","0.395","0.0825","0","0.0726","0.702","79.351","audio_features","6ya8ejoKgw906Y8LWclqrp","spotify:track:6ya8ejoKgw906Y8LWclqrp","https://api.spotify.com/v1/tracks/6ya8ejoKgw906Y8LWclqrp","https://api.spotify.com/v1/audio-analysis/6ya8ejoKgw906Y8LWclqrp","233278","4"
"0.726","0.444","8","-8.922","0","0.372","0.283","0.143","0.177","0.569","185.044","audio_features","6IRdLKIyS4p7XNiP8r6rsx","spotify:track:6IRdLKIyS4p7XNiP8r6rsx","https://api.spotify.com/v1/tracks/6IRdLKIyS4p7XNiP8r6rsx","https://api.spotify.com/v1/audio-analysis/6IRdLKIyS4p7XNiP8r6rsx","168840","4"
"0.855","0.423","5","-15.044","0","0.0585","0.724","0.469","0.0896","0.572","120.02","audio_features","7qEKqBCD2vE5vIBsrUitpD","spotify:track:7qEKqBCD2vE5vIBsrUitpD","https://api.spotify.com/v1/tracks/7qEKqBCD2vE5vIBsrUitpD","https://api.spotify.com/v1/audio-analysis/7qEKqBCD2vE5vIBsrUitpD","156371","4"
"0.319","0.0561","0","-23.023","1","0.045","0.935","0.00384","0.388","0.082","79.764","audio_features","0tMSssfxAL2oV8Vri0mFHE","spotify:track:0tMSssfxAL2oV8Vri0mFHE","https://api.spotify.com/v1/tracks/0tMSssfxAL2oV8Vri0mFHE","https://api.spotify.com/v1/audio-analysis/0tMSssfxAL2oV8Vri0mFHE","242652","3"
"0.604","0.436","2","-8.32","1","0.188","0.0544","0.000242","0.162","0.239","107.978","audio_features","4iVD0fTHGxV9JWloujsL3s","spotify:track:4iVD0fTHGxV9JWloujsL3s","https://api.spotify.com/v1/tracks/4iVD0fTHGxV9JWloujsL3s","https://api.spotify.com/v1/audio-analysis/4iVD0fTHGxV9JWloujsL3s","361280","4"
"0.892","0.507","0","-8.282","1","0.378","0.704","0.0000314","0.109","0.695","143.96","audio_features","6tsOcBnaKgzK22yEiqRh8P","spotify:track:6tsOcBnaKgzK22yEiqRh8P","https://api.spotify.com/v1/tracks/6tsOcBnaKgzK22yEiqRh8P","https://api.spotify.com/v1/audio-analysis/6tsOcBnaKgzK22yEiqRh8P","158587","4"
"0.735","0.235","3","-13.239","1","0.315","0.698","0.00604","0.107","0.462","62.446","audio_features","6X29iaaazwho3ab7GNue5r","spotify:track:6X29iaaazwho3ab7GNue5r","https://api.spotify.com/v1/tracks/6X29iaaazwho3ab7GNue5r","https://api.spotify.com/v1/audio-analysis/6X29iaaazwho3ab7GNue5r","173202","4"
"0.711","0.746","1","-4.224","1","0.253","0.0289","0","0.371","0.279","96.024","audio_features","39xWBHPM4E9MwzEy5gbM7p","spotify:track:39xWBHPM4E9MwzEy5gbM7p","https://api.spotify.com/v1/tracks/39xWBHPM4E9MwzEy5gbM7p","https://api.spotify.com/v1/audio-analysis/39xWBHPM4E9MwzEy5gbM7p","225573","4"
"0.876","0.662","2","-6.482","0","0.426","0.0608","0","0.127","0.844","75.445","audio_features","2gwkD6igEhQbDQegRCcdoB","spotify:track:2gwkD6igEhQbDQegRCcdoB","https://api.spotify.com/v1/tracks/2gwkD6igEhQbDQegRCcdoB","https://api.spotify.com/v1/audio-analysis/2gwkD6igEhQbDQegRCcdoB","163320","4"
"0.512","0.734","8","-5.448","0","0.438","0.431","0","0.226","0.168","93.995","audio_features","6fIjnWrv46njJHLDAY2JdC","spotify:track:6fIjnWrv46njJHLDAY2JdC","https://api.spotify.com/v1/tracks/6fIjnWrv46njJHLDAY2JdC","https://api.spotify.com/v1/audio-analysis/6fIjnWrv46njJHLDAY2JdC","245813","4"
"0.861","0.621","1","-7.106","1","0.362","0.121","0","0.0689","0.254","83.976","audio_features","5AjINjwKyRvQJhSe2zpPHi","spotify:track:5AjINjwKyRvQJhSe2zpPHi","https://api.spotify.com/v1/tracks/5AjINjwKyRvQJhSe2zpPHi","https://api.spotify.com/v1/audio-analysis/5AjINjwKyRvQJhSe2zpPHi","166640","4"
"0.738","0.861","2","-4.141","1","0.237","0.32","0.00175","0.325","0.58","131.974","audio_features","18PergoIrGmRyeYxnaXJN2","spotify:track:18PergoIrGmRyeYxnaXJN2","https://api.spotify.com/v1/tracks/18PergoIrGmRyeYxnaXJN2","https://api.spotify.com/v1/audio-analysis/18PergoIrGmRyeYxnaXJN2","189052","4"
"0.432","0.52","1","-5.515","0","0.0548","0.277","0.371","0.138","0.303","164.047","audio_features","2vsuel3g4zaLYSOY0mOMbi","spotify:track:2vsuel3g4zaLYSOY0mOMbi","https://api.spotify.com/v1/tracks/2vsuel3g4zaLYSOY0mOMbi","https://api.spotify.com/v1/audio-analysis/2vsuel3g4zaLYSOY0mOMbi","231653","4"
"0.77","0.775","8","-4.65","0","0.0349","0.178","0","0.0651","0.848","124.015","audio_features","2swZ0X1njeU32SNJeBKIfW","spotify:track:2swZ0X1njeU32SNJeBKIfW","https://api.spotify.com/v1/tracks/2swZ0X1njeU32SNJeBKIfW","https://api.spotify.com/v1/audio-analysis/2swZ0X1njeU32SNJeBKIfW","256440","4"
"0.799","0.699","2","-7.694","1","0.204","0.00867","0","0.132","0.627","142.979","audio_features","3YEbLhXRDPTtctnb3ddg8g","spotify:track:3YEbLhXRDPTtctnb3ddg8g","https://api.spotify.com/v1/tracks/3YEbLhXRDPTtctnb3ddg8g","https://api.spotify.com/v1/audio-analysis/3YEbLhXRDPTtctnb3ddg8g","214851","4"
"0.597","0.755","4","-2.209","0","0.052","0.0423","0","0.582","0.0467","89.146","audio_features","6hkQ6OQ6nhe7QCckH91aGa","spotify:track:6hkQ6OQ6nhe7QCckH91aGa","https://api.spotify.com/v1/tracks/6hkQ6OQ6nhe7QCckH91aGa","https://api.spotify.com/v1/audio-analysis/6hkQ6OQ6nhe7QCckH91aGa","238333","4"
"0.645","0.862","11","-4.757","0","0.0965","0.0923","0","0.192","0.798","119.991","audio_features","5KawlOMHjWeUjQtnuRs22c","spotify:track:5KawlOMHjWeUjQtnuRs22c","https://api.spotify.com/v1/tracks/5KawlOMHjWeUjQtnuRs22c","https://api.spotify.com/v1/audio-analysis/5KawlOMHjWeUjQtnuRs22c","229773","4"
"0.729","0.603","6","-6.736","0","0.0666","0.0948","0","0.113","0.207","134.972","audio_features","3XiNC94b4Tq1xwv70sQJGN","spotify:track:3XiNC94b4Tq1xwv70sQJGN","https://api.spotify.com/v1/tracks/3XiNC94b4Tq1xwv70sQJGN","https://api.spotify.com/v1/audio-analysis/3XiNC94b4Tq1xwv70sQJGN","243976","4"
"0.452","0.882","7","-4.406","1","0.0362","0.00254","0.0000217","0.0836","0.398","156.277","audio_features","7nioCrPVTkYopUB1rTvtK1","spotify:track:7nioCrPVTkYopUB1rTvtK1","https://api.spotify.com/v1/tracks/7nioCrPVTkYopUB1rTvtK1","https://api.spotify.com/v1/audio-analysis/7nioCrPVTkYopUB1rTvtK1","274615","4"
"0.802","0.645","5","-6.181","0","0.0715","0.272","0","0.119","0.376","100.001","audio_features","6nDKrPlXdpomGBgAlO7UdP","spotify:track:6nDKrPlXdpomGBgAlO7UdP","https://api.spotify.com/v1/tracks/6nDKrPlXdpomGBgAlO7UdP","https://api.spotify.com/v1/audio-analysis/6nDKrPlXdpomGBgAlO7UdP","157202","4"
"0.681","0.603","0","-5.533","1","0.0458","0.0105","0","0.159","0.643","79.007","audio_features","3QmolSZqjjLksTUvZJ6pPS","spotify:track:3QmolSZqjjLksTUvZJ6pPS","https://api.spotify.com/v1/tracks/3QmolSZqjjLksTUvZJ6pPS","https://api.spotify.com/v1/audio-analysis/3QmolSZqjjLksTUvZJ6pPS","167120","4"
"0.852","0.432","1","-8.04","0","0.501","0.0599","0","0.146","0.258","140.042","audio_features","4pCEIQ6wBVuaJdER5bALtO","spotify:track:4pCEIQ6wBVuaJdER5bALtO","https://api.spotify.com/v1/tracks/4pCEIQ6wBVuaJdER5bALtO","https://api.spotify.com/v1/audio-analysis/4pCEIQ6wBVuaJdER5bALtO","236571","4"
"0.6","0.851","11","-4.645","1","0.0388","0.00566","0.00000978","0.0891","0.727","98.007","audio_features","6uVzeU47Qzg0rrMneP5BNg","spotify:track:6uVzeU47Qzg0rrMneP5BNg","https://api.spotify.com/v1/tracks/6uVzeU47Qzg0rrMneP5BNg","https://api.spotify.com/v1/audio-analysis/6uVzeU47Qzg0rrMneP5BNg","186119","4"
"0.694","0.664","2","-4.649","1","0.05","0.639","0","0.0929","0.676","95.941","audio_features","2S1LebN6AXXQqJolBxlWgO","spotify:track:2S1LebN6AXXQqJolBxlWgO","https://api.spotify.com/v1/tracks/2S1LebN6AXXQqJolBxlWgO","https://api.spotify.com/v1/audio-analysis/2S1LebN6AXXQqJolBxlWgO","281500","4"
"0.71","0.844","6","-5.589","0","0.0968","0.0699","0","0.354","0.469","103.009","audio_features","3FUXVbi9ugVUqJ3rPrfd2G","spotify:track:3FUXVbi9ugVUqJ3rPrfd2G","https://api.spotify.com/v1/tracks/3FUXVbi9ugVUqJ3rPrfd2G","https://api.spotify.com/v1/audio-analysis/3FUXVbi9ugVUqJ3rPrfd2G","240777","4"
"0.888","0.43","9","-6.728","1","0.588","0.0786","0.00000158","0.132","0.45","120.088","audio_features","4dAMdQ6g4kGmnc1MDHsg77","spotify:track:4dAMdQ6g4kGmnc1MDHsg77","https://api.spotify.com/v1/tracks/4dAMdQ6g4kGmnc1MDHsg77","https://api.spotify.com/v1/audio-analysis/4dAMdQ6g4kGmnc1MDHsg77","160013","4"
"0.715","0.832","0","-4.08","1","0.0502","0.0324","0","0.112","0.66","91.006","audio_features","4Sib57MmYGJzSvkW84jTwh","spotify:track:4Sib57MmYGJzSvkW84jTwh","https://api.spotify.com/v1/tracks/4Sib57MmYGJzSvkW84jTwh","https://api.spotify.com/v1/audio-analysis/4Sib57MmYGJzSvkW84jTwh","193040","4"
